periodo,provincia,viajeros_total,viajeros_esp,viajeros_ext,pernoc_total,pernoc_esp,pernoc_ext
2024M12,29 Málaga,292142,120096,172046,894297,247630,646667
2024M12,41 Sevilla,291612,154675,136937,584318,281149,303169
2024M12,"07 Balears, Illes",102526,39500,63026,311450,84821,226629
2024M12,08 Barcelona,830151,275949,554202,1900241,485475,1414766
2024M12,17 Girona,152175,91881,60294,252605,149407,103198
2024M12,46 Valencia/València,206102,122489,83613,448045,248618,199427
2024M12,28 Madrid,1058633,606856,451778,2165912,1121901,1044011
2024M11,29 Málaga,364981,139834,225148,1167219,268510,898709
2024M11,41 Sevilla,315397,155648,159749,646013,277439,368575
2024M11,"07 Balears, Illes",121271,39934,81337,407673,78504,329169
2024M11,08 Barcelona,940096,280494,659602,2164179,509485,1654694
2024M11,17 Girona,159482,86908,72574,287231,140844,146387
2024M11,46 Valencia/València,215646,135725,79921,539982,350834,189148
2024M11,28 Madrid,1125101,591976,533125,2275915,1066842,1209073
2024M10,29 Málaga,602045,163918,438127,2188021,356327,1831695
2024M10,41 Sevilla,372127,140343,231784,767363,245055,522307
2024M10,"07 Balears, Illes",1360646,162615,1198031,7041981,511919,6530063
2024M10,08 Barcelona,1218984,300067,918917,3130930,571488,2559442
2024M10,17 Girona,379239,123611,255628,1088327,242572,845755
2024M10,46 Valencia/València,320989,155899,165090,726177,306680,419497
2024M10,28 Madrid,1228195,563246,664949,2522790,1002672,1520119
2024M09,29 Málaga,615514,186539,428976,2336863,480155,1856708
2024M09,41 Sevilla,340661,137532,203128,687662,232368,455294
2024M09,"07 Balears, Illes",1741692,177047,1564645,9364391,652181,8712210
2024M09,08 Barcelona,1197723,277468,920255,3341674,543250,2798425
2024M09,17 Girona,489776,153745,336031,1641945,343494,1298451
2024M09,46 Valencia/València,335805,176016,159789,879306,438150,441156
2024M09,28 Madrid,1170483,536583,633900,2328196,926240,1401956
2024M08,29 Málaga,698256,290347,407909,2767237,940988,1826249
2024M08,41 Sevilla,319596,118028,201569,654582,203090,451492
2024M08,"07 Balears, Illes",2093220,241846,1851374,11414856,999650,10415206
2024M08,08 Barcelona,1340634,262786,1077848,4061207,589496,3471711
2024M08,17 Girona,658624,256450,402174,2408114,742204,1665909
2024M08,46 Valencia/València,389611,201701,187910,1055279,554991,500288
2024M08,28 Madrid,1025471,469667,555803,2037081,830595,1206486
2024M07,29 Málaga,652289,255067,397222,2489865,735271,1754594
2024M07,41 Sevilla,294007,123832,170175,582973,209860,373113
2024M07,"07 Balears, Illes",2022788,213425,1809362,10920167,812025,10108141
2024M07,08 Barcelona,1337967,308503,1029464,3881922,619025,3262897
2024M07,17 Girona,593977,202418,391559,2206406,520798,1685607
2024M07,46 Valencia/València,368825,201781,167045,964054,524939,439115
2024M07,28 Madrid,1173350,575463,597887,2314639,999921,1314718
2024M06,29 Málaga,632616,231637,400979,2246668,540307,1706362
2024M06,41 Sevilla,330565,152373,178192,647282,254756,392525
2024M06,"07 Balears, Illes",1859985,241084,1618901,9474122,857430,8616693
2024M06,08 Barcelona,1291093,322416,968677,3505866,610476,2895390
2024M06,17 Girona,526211,222070,304140,1595040,486792,1108248
2024M06,46 Valencia/València,353802,204226,149576,852471,465913,386558
2024M06,28 Madrid,1189952,598737,591215,2346598,1017104,1329495
2024M05,29 Málaga,652057,197058,454999,2231003,432101,1798902
2024M05,41 Sevilla,383281,156750,226530,775427,266724,508703
2024M05,"07 Balears, Illes",1747086,189989,1557097,8199175,563225,7635950
2024M05,08 Barcelona,1300459,292434,1008025,3434137,587277,2846860
2024M05,17 Girona,490049,168230,321819,1359535,348416,1011118
2024M05,46 Valencia/València,349385,186459,162926,848851,406490,442360
2024M05,28 Madrid,1231218,582493,648725,2490212,1011509,1478703
2024M04,29 Málaga,601631,179976,421655,1945020,386932,1558088
2024M04,41 Sevilla,377242,162581,214661,767023,289950,477073
2024M04,"07 Balears, Illes",761737,111851,649886,3417164,355710,3061453
2024M04,08 Barcelona,1105260,270776,834484,2809542,543198,2266344
2024M04,17 Girona,325500,112923,212577,879409,241003,638406
2024M04,46 Valencia/València,316892,162069,154823,764801,333321,431480
2024M04,28 Madrid,1126754,517185,609568,2301405,903137,1398268
2024M03,29 Málaga,506900,207072,299828,1712594,486039,1226555
2024M03,41 Sevilla,340136,157047,183089,711305,284466,426838
2024M03,"07 Balears, Illes",375281,104550,270731,1677443,304250,1373193
2024M03,08 Barcelona,1026923,290694,736229,2538561,564127,1974434
2024M03,17 Girona,242817,132842,109975,554160,267739,286421
2024M03,46 Valencia/València,327473,189731,137742,773143,402680,370463
2024M03,28 Madrid,1094034,578912,515122,2262645,1042343,1220302
2024M02,29 Málaga,373782,160198,213584,1170897,332350,838547
2024M02,41 Sevilla,294357,144952,149405,588754,246830,341924
2024M02,"07 Balears, Illes",148843,57019,91824,585313,170008,415305
2024M02,08 Barcelona,842121,255670,586451,2085109,484989,1600121
2024M02,17 Girona,146071,77554,68516,274407,125343,149064
2024M02,46 Valencia/València,256943,147544,109399,532714,262125,270590
2024M02,28 Madrid,972927,543763,429164,1920576,941378,979198
2024M01,29 Málaga,308291,128732,179559,899576,235670,663907
2024M01,41 Sevilla,265030,132023,133008,524637,225917,298720
2024M01,"07 Balears, Illes",69271,30560,38711,226867,61386,165481
2024M01,08 Barcelona,744854,231739,513115,1776582,435764,1340817
2024M01,17 Girona,125212,74352,50860,212116,120857,91259
2024M01,46 Valencia/València,223867,126627,97240,452146,221740,230406
2024M01,28 Madrid,895214,490157,405057,1814976,879889,935087
2023M12,29 Málaga,325375,153016,172359,960249,320961,639288
2023M12,41 Sevilla,296784,161030,135754,597988,300382,297606
2023M12,"07 Balears, Illes",87937,34963,52974,270138,72231,197907
2023M12,08 Barcelona,807856,260712,547144,1857414,472811,1384603
2023M12,17 Girona,160939,97216,63723,308760,176705,132056
2023M12,46 Valencia/València,242739,141843,100896,489496,252626,236870
2023M12,28 Madrid,1052428,627019,425410,2126979,1155296,971683
2023M11,29 Málaga,381833,149553,232281,1218526,312401,906125
2023M11,41 Sevilla,290333,145435,144897,587432,261713,325719
2023M11,"07 Balears, Illes",113029,40472,72557,413377,82054,331322
2023M11,08 Barcelona,916429,272902,643526,2139733,492263,1647469
2023M11,17 Girona,150172,76831,73341,304105,130560,173545
2023M11,46 Valencia/València,263959,148640,115319,542245,270731,271515
2023M11,28 Madrid,1064684,583167,481516,2130175,1028629,1101546
2023M10,29 Málaga,623385,192347,431038,2186066,418870,1767196
2023M10,41 Sevilla,364920,161023,203897,723477,278737,444740
2023M10,"07 Balears, Illes",1189276,148089,1041187,6381337,442356,5938981
2023M10,08 Barcelona,1222542,315869,906673,3171014,589710,2581304
2023M10,17 Girona,385596,147501,238094,1076982,266361,810621
2023M10,46 Valencia/València,320136,169872,150264,710956,336173,374783
2023M10,28 Madrid,1125946,526741,599205,2335634,961581,1374053
2023M09,29 Málaga,636614,205859,430755,2302322,512787,1789535
2023M09,41 Sevilla,337835,153142,184693,667277,254620,412657
2023M09,"07 Balears, Illes",1691128,176703,1514425,9058858,652248,8406610
2023M09,08 Barcelona,1216170,290347,925823,3349029,555333,2793696
2023M09,17 Girona,496403,181503,314900,1582302,380955,1201347
2023M09,46 Valencia/València,327939,176910,151029,799324,417289,382035
2023M09,28 Madrid,1148967,562876,586090,2301663,989249,1312414
2023M08,29 Málaga,719761,310534,409226,2804728,955822,1848907
2023M08,41 Sevilla,323252,139187,184065,641777,236241,405536
2023M08,"07 Balears, Illes",1979182,239946,1739237,11054556,1043279,10011278
2023M08,08 Barcelona,1311861,280876,1030985,4026789,649993,3376797
2023M08,17 Girona,636179,264027,372153,2335305,789014,1546291
2023M08,46 Valencia/València,369580,199350,170230,1017753,552250,465503
2023M08,28 Madrid,1007541,474758,532784,1990751,845787,1144964
2023M07,29 Málaga,689693,303567,386126,2569254,827761,1741493
2023M07,41 Sevilla,297598,144052,153546,557786,227117,330669
2023M07,"07 Balears, Illes",1972703,237710,1734992,10613015,974544,9638472
2023M07,08 Barcelona,1342584,337404,1005179,3835022,694572,3140450
2023M07,17 Girona,590663,227893,362769,2099009,591426,1507584
2023M07,46 Valencia/València,349183,195406,153777,932056,515682,416375
2023M07,28 Madrid,1111137,548761,562376,2189610,936220,1253390
2023M06,29 Málaga,618969,246981,371988,2222614,595536,1627078
2023M06,41 Sevilla,325922,163255,162667,618585,264895,353690
2023M06,"07 Balears, Illes",1814007,244635,1569372,8993003,889859,8103144
2023M06,08 Barcelona,1263049,330907,932142,3300032,632369,2667663
2023M06,17 Girona,514135,239930,274205,1490213,485185,1005028
2023M06,46 Valencia/València,352828,212128,140700,823690,471584,352106
2023M06,28 Madrid,1163021,615801,547220,2239681,1010384,1229297
2023M05,29 Málaga,624905,183084,441821,2152554,405516,1747038
2023M05,41 Sevilla,352514,167518,184996,692027,281827,410200
2023M05,"07 Balears, Illes",1492772,195761,1297010,7258921,644969,6613952
2023M05,08 Barcelona,1251693,339829,911864,3187797,649336,2538461
2023M05,17 Girona,443609,146828,296780,1217666,294462,923204
2023M05,46 Valencia/València,326274,178828,147446,750754,383981,366773
2023M05,28 Madrid,1117578,567796,549782,2224662,951054,1273608
2023M04,29 Málaga,601632,211742,389890,1965338,500061,1465277
2023M04,41 Sevilla,351424,168951,182473,726702,313102,413601
2023M04,"07 Balears, Illes",766096,109541,656555,3350022,297000,3053023
2023M04,08 Barcelona,1102659,298082,804577,2882769,616293,2266476
2023M04,17 Girona,414955,192039,222915,1037458,385678,651780
2023M04,46 Valencia/València,333301,194351,138949,792604,426191,366413
2023M04,28 Madrid,1077543,566092,511451,2247895,1028904,1218991
2023M03,29 Málaga,463698,200193,263505,1368261,425355,942906
2023M03,41 Sevilla,314817,166958,147858,643519,307168,336351
2023M03,"07 Balears, Illes",230407,62568,167839,944911,173879,771032
2023M03,08 Barcelona,953261,312242,641018,2347803,603748,1744055
2023M03,17 Girona,187875,100350,87525,415967,190360,225607
2023M03,46 Valencia/València,305012,189978,115034,662350,380411,281939
2023M03,28 Madrid,1053885,582240,471645,2040209,975377,1064832
2023M02,29 Málaga,313400,151277,162123,928384,304848,623536
2023M02,41 Sevilla,268601,155381,113220,526552,264978,261574
2023M02,"07 Balears, Illes",124782,51577,73205,466420,140170,326250
2023M02,08 Barcelona,768787,252316,516471,1951571,487297,1464273
2023M02,17 Girona,145938,84001,61937,290680,145810,144870
2023M02,46 Valencia/València,229187,140086,89102,464102,246297,217805
2023M02,28 Madrid,879144,523275,355868,1705884,903932,801952
2023M01,29 Málaga,264643,117089,147553,759798,234979,524819
2023M01,41 Sevilla,244929,135802,109127,481877,236477,245400
2023M01,"07 Balears, Illes",75909,35443,40466,237815,85942,151873
2023M01,08 Barcelona,707279,249509,457770,1703654,462121,1241533
2023M01,17 Girona,122352,77001,45351,240467,138992,101475
2023M01,46 Valencia/València,217225,130482,86743,428678,226343,202335
2023M01,28 Madrid,888093,532766,355327,1736647,920267,816381
2022M12,29 Málaga,284226,150406,133820,780093,325403,454689
2022M12,41 Sevilla,242998,142195,100802,484304,261724,222580
2022M12,"07 Balears, Illes",80696,35980,44716,248269,80586,167682
2022M12,08 Barcelona,743057,264577,478479,1761045,498284,1262761
2022M12,17 Girona,155444,101790,53654,298209,189849,108360
2022M12,46 Valencia/València,224864,140763,84102,473440,257729,215711
2022M12,28 Madrid,967750,620080,347670,1903855,1111786,792069
2022M11,29 Málaga,304416,144414,160002,951880,312872,639008
2022M11,41 Sevilla,271748,159021,112726,560705,293812,266893
2022M11,"07 Balears, Illes",111194,44337,66857,398085,97922,300163
2022M11,08 Barcelona,822356,267015,555341,1993005,508819,1484186
2022M11,17 Girona,139248,75232,64016,283568,130250,153317
2022M11,46 Valencia/València,248390,148180,100210,513506,275285,238221
2022M11,28 Madrid,1004095,593671,410424,1932711,991945,940766
2022M10,29 Málaga,539765,183271,356494,1914915,409627,1505288
2022M10,41 Sevilla,330034,163745,166288,663795,295621,368174
2022M10,"07 Balears, Illes",1072128,167105,905023,5604472,419017,5185455
2022M10,08 Barcelona,1154049,316090,837958,2922521,607951,2314570
2022M10,17 Girona,351089,148190,202899,874310,253035,621275
2022M10,46 Valencia/València,305025,165661,139364,669537,320077,349460
2022M10,28 Madrid,1104026,582487,521538,2242371,1012992,1229379
2022M09,29 Málaga,620194,224895,395299,2155199,572890,1582309
2022M09,41 Sevilla,324963,164561,160402,635577,278099,357478
2022M09,"07 Balears, Illes",1618513,187516,1430997,8678063,687086,7990977
2022M09,08 Barcelona,1141853,296716,845137,3078699,596473,2482226
2022M09,17 Girona,453933,176025,277909,1377674,372824,1004850
2022M09,46 Valencia/València,319325,181953,137372,807766,425714,382052
2022M09,28 Madrid,1048624,550019,498605,2066264,932436,1133828
2022M08,29 Málaga,665325,321902,343423,2672820,1054152,1618668
2022M08,41 Sevilla,308841,147417,161425,617433,253516,363917
2022M08,"07 Balears, Illes",1954444,284123,1670321,10779452,1192546,9586906
2022M08,08 Barcelona,1234023,283775,950248,3874913,692499,3182414
2022M08,17 Girona,628238,273522,354716,2360768,826799,1533968
2022M08,46 Valencia/València,367124,199207,167917,1028520,559409,469110
2022M08,28 Madrid,855535,448780,406755,1701671,786584,915087
2022M07,29 Málaga,686330,334995,351335,2529662,954203,1575458
2022M07,41 Sevilla,262989,138999,123990,502287,225997,276290
2022M07,"07 Balears, Illes",1904858,242215,1662644,10386341,936133,9450208
2022M07,08 Barcelona,1261966,335624,926342,3679867,724881,2954985
2022M07,17 Girona,588305,244445,343860,2068066,619760,1448306
2022M07,46 Valencia/València,371848,216352,155496,948459,543356,405103
2022M07,28 Madrid,961454,480539,480915,1922656,830820,1091837
2022M06,29 Málaga,611199,258698,352500,2161308,623015,1538293
2022M06,41 Sevilla,313214,175085,138129,611078,296052,315026
2022M06,"07 Balears, Illes",1742424,238985,1503440,8956158,826105,8130054
2022M06,08 Barcelona,1140167,303980,836187,3209021,659593,2549429
2022M06,17 Girona,509322,255088,254234,1385761,525728,860032
2022M06,46 Valencia/València,335018,208777,126241,794544,459584,334960
2022M06,28 Madrid,1016352,554884,461468,2029532,940874,1088657
2022M05,29 Málaga,590649,216312,374336,2025618,511654,1513964
2022M05,41 Sevilla,323040,160761,162280,657845,291585,366260
2022M05,"07 Balears, Illes",1378649,174365,1204285,6377225,525630,5851595
2022M05,08 Barcelona,1080995,292049,788946,2917788,614237,2303551
2022M05,17 Girona,379462,148939,230522,980345,294420,685925
2022M05,46 Valencia/València,320639,185418,135221,759457,397184,362273
2022M05,28 Madrid,1010998,550965,460034,2052491,941725,1110766
2022M04,29 Málaga,541596,224104,317492,1815329,565287,1250042
2022M04,41 Sevilla,299106,166182,132923,629722,316411,313310
2022M04,"07 Balears, Illes",627500,111992,515508,2816016,336559,2479457
2022M04,08 Barcelona,954827,297090,657737,2532973,605783,1927190
2022M04,17 Girona,329552,172924,156628,825358,341555,483804
2022M04,46 Valencia/València,304658,187588,117070,718645,405591,313053
2022M04,28 Madrid,951920,555151,396769,2004575,981114,1023461
2022M03,29 Málaga,360805,167811,192994,1153222,403973,749249
2022M03,41 Sevilla,259122,151606,107515,530313,269131,261182
2022M03,"07 Balears, Illes",202457,60834,141624,817111,177559,639551
2022M03,08 Barcelona,738509,258640,479869,1889303,516812,1372491
2022M03,17 Girona,148484,94875,53608,317741,193695,124045
2022M03,46 Valencia/València,246403,158121,88282,524256,300837,223419
2022M03,28 Madrid,848985,525292,323693,1720481,905312,815168
2022M02,29 Málaga,287697,163580,124117,783064,341683,441381
2022M02,41 Sevilla,216198,140464,75734,422782,242311,180470
2022M02,"07 Balears, Illes",92624,42557,50067,310405,107070,203335
2022M02,08 Barcelona,581175,220732,360443,1394900,419550,975350
2022M02,17 Girona,148373,92785,55588,271749,158061,113688
2022M02,46 Valencia/València,201491,134112,67378,393551,230834,162717
2022M02,28 Madrid,721193,484422,236771,1435535,847027,588508
2022M01,29 Málaga,180901,88951,91950,487481,173183,314297
2022M01,41 Sevilla,170167,112980,57187,320109,189848,130261
2022M01,"07 Balears, Illes",42131,20603,21528,127429,44476,82953
2022M01,08 Barcelona,418906,183731,235175,996160,354869,641291
2022M01,17 Girona,111627,81482,30145,204903,148330,56573
2022M01,46 Valencia/València,148043,98146,49897,294104,167843,126261
2022M01,28 Madrid,569467,386597,182870,1193236,699507,493728
2021M12,29 Málaga,235138,142779,92359,592678,290294,302384
2021M12,41 Sevilla,200593,133089,67503,414190,259367,154823
2021M12,"07 Balears, Illes",57392,27267,30125,166256,61093,105163
2021M12,08 Barcelona,538255,233136,305119,1271540,454372,817169
2021M12,17 Girona,145152,105791,39360,261573,190551,71022
2021M12,46 Valencia/València,179192,116542,62649,366266,214668,151598
2021M12,28 Madrid,770392,528498,241894,1595537,981968,613570
2021M11,29 Málaga,280935,137552,143382,821290,283226,538065
2021M11,41 Sevilla,231148,144322,86826,461926,257731,204195
2021M11,"07 Balears, Illes",88317,33690,54627,318433,69464,248969
2021M11,08 Barcelona,590958,214384,376574,1434167,409903,1024264
2021M11,17 Girona,134474,76945,57529,246367,116200,130166
2021M11,46 Valencia/València,205291,124807,80484,444266,237299,206967
2021M11,28 Madrid,822908,528624,294284,1650955,923355,727600
2021M10,29 Málaga,451642,186441,265201,1566862,455470,1111392
2021M10,41 Sevilla,259341,152279,107062,539423,290398,249025
2021M10,"07 Balears, Illes",761539,141008,620531,3957260,355543,3601717
2021M10,08 Barcelona,734005,261136,472869,1856628,535372,1321256
2021M10,17 Girona,293218,151193,142025,666071,252824,413248
2021M10,46 Valencia/València,259740,159452,100288,580688,314150,266537
2021M10,28 Madrid,885784,564761,321023,1848540,1032907,815634
2021M09,29 Málaga,483297,247187,236110,1745042,715417,1029625
2021M09,41 Sevilla,215467,133622,81845,432726,245981,186745
2021M09,"07 Balears, Illes",1004077,181723,822354,5324350,643627,4680723
2021M09,08 Barcelona,624532,227239,397293,1647371,473376,1173995
2021M09,17 Girona,338181,187260,150921,938605,419560,519045
2021M09,46 Valencia/València,265602,171396,94206,652914,402885,250028
2021M09,28 Madrid,709463,452686,256777,1453739,816887,636852
2021M08,29 Málaga,626297,405728,220569,2380124,1409724,970401
2021M08,41 Sevilla,205076,130389,74687,417933,248513,169420
2021M08,"07 Balears, Illes",1176822,281919,894903,6482644,1197578,5285067
2021M08,08 Barcelona,749150,254957,494193,2285746,645294,1640452
2021M08,17 Girona,577762,350951,226811,1910245,1061665,848580
2021M08,46 Valencia/València,328433,218372,110061,886962,579497,307465
2021M08,28 Madrid,557806,363898,193907,1149845,676957,472889
2021M07,29 Málaga,556796,381978,174818,1880157,1197854,682304
2021M07,41 Sevilla,177516,122330,55186,321483,203180,118303
2021M07,"07 Balears, Illes",1055103,217216,837887,5690675,823313,4867361
2021M07,08 Barcelona,594601,256228,338373,1584510,548455,1036055
2021M07,17 Girona,430850,268879,161972,1270486,668729,601757
2021M07,46 Valencia/València,287626,199856,87770,706843,485379,221464
2021M07,28 Madrid,555840,376416,179424,1122796,673159,449637
2021M06,29 Málaga,342013,252019,89994,913141,609732,303409
2021M06,41 Sevilla,155094,113507,41587,288916,201325,87591
2021M06,"07 Balears, Illes",587951,172410,415541,2543130,508570,2034560
2021M06,08 Barcelona,416397,223044,193353,937701,441866,495835
2021M06,17 Girona,294814,214970,79844,625488,419158,206330
2021M06,46 Valencia/València,208702,164909,43793,460812,353686,107126
2021M06,28 Madrid,491089,371203,119886,956244,656321,299923
2021M05,29 Málaga,178362,124090,54272,391705,231529,160176
2021M05,41 Sevilla,117815,93758,24057,201668,150816,50852
2021M05,"07 Balears, Illes",220486,59370,161116,910455,152835,757620
2021M05,08 Barcelona,288961,170728,118233,617998,322225,295773
2021M05,17 Girona,169103,121192,47911,289115,193531,95584
2021M05,46 Valencia/València,146600,119752,26848,266933,207470,59463
2021M05,28 Madrid,413197,316121,97076,810028,561269,248760
2021M04,29 Málaga,79611,54893,24718,158590,90072,68518
2021M04,41 Sevilla,75686,65594,10092,117141,96712,20429
2021M04,"07 Balears, Illes",73347,26370,46977,272911,56071,216840
2021M04,08 Barcelona,183092,121877,61215,404763,246519,158244
2021M04,17 Girona,67238,52793,14445,118235,91696,26539
2021M04,46 Valencia/València,89777,74992,14785,159720,126153,33567
2021M04,28 Madrid,293955,232440,61516,559997,403306,156690
2021M03,29 Málaga,71264,54084,17179,132489,87826,44664
2021M03,41 Sevilla,65969,60181,5788,103832,90713,13119
2021M03,"07 Balears, Illes",31237,15381,15856,92653,33418,59235
2021M03,08 Barcelona,173589,128268,45321,343994,231548,112446
2021M03,17 Girona,67372,54216,13155,107068,84848,22220
2021M03,46 Valencia/València,76967,64460,12506,130625,104122,26502
2021M03,28 Madrid,296799,235502,61297,582225,409239,172986
2021M02,29 Málaga,41999,32358,9641,77630,52451,25179
2021M02,41 Sevilla,50381,46715,3666,80806,71801,9006
2021M02,"07 Balears, Illes",14724,10810,3913,31923,20979,10944
2021M02,08 Barcelona,138992,105398,33594,269680,188427,81253
2021M02,17 Girona,28130,20307,7823,46739,32579,14160
2021M02,46 Valencia/València,50306,42170,8136,88014,69806,18208
2021M02,28 Madrid,240372,196967,43405,464169,341895,122274
2021M01,29 Málaga,46540,35051,11489,88931,58629,30302
2021M01,41 Sevilla,47473,42298,5175,80671,69594,11077
2021M01,"07 Balears, Illes",11383,8309,3074,27607,16193,11414
2021M01,08 Barcelona,118954,86559,32395,251913,174695,77219
2021M01,17 Girona,29191,19655,9536,48099,31937,16162
2021M01,46 Valencia/València,48238,38843,9394,90095,68510,21584
2021M01,28 Madrid,227901,181252,46649,428861,318876,109984
2020M12,29 Málaga,47441,33614,13827,85623,56189,29434
2020M12,41 Sevilla,56059,48476,7583,83886,70679,13208
2020M12,"07 Balears, Illes",18997,12958,6040,44115,26637,17478
2020M12,08 Barcelona,141562,102504,39058,253452,170139,83312
2020M12,17 Girona,37523,25094,12429,60570,41608,18962
2020M12,46 Valencia/València,69133,58247,10886,121076,97680,23396
2020M12,28 Madrid,247515,200945,46570,471444,358265,113179
2020M11,29 Málaga,39436,27867,11569,79548,51433,28116
2020M11,41 Sevilla,45073,39888,5185,76808,65279,11528
2020M11,"07 Balears, Illes",23073,16747,6326,49276,31589,17687
2020M11,08 Barcelona,100420,73902,26517,196787,137785,59002
2020M11,17 Girona,21251,14092,7159,38018,26377,11641
2020M11,46 Valencia/València,69351,56524,12827,134613,98527,36086
2020M11,28 Madrid,205367,167173,38193,406497,304090,102407
2020M10,29 Málaga,111861,78185,33676,245753,151439,94314
2020M10,41 Sevilla,90734,73603,17132,167238,128385,38853
2020M10,"07 Balears, Illes",65438,38554,26885,170840,84054,86786
2020M10,08 Barcelona,150321,97484,52837,304585,182900,121685
2020M10,17 Girona,94514,59494,35020,171331,103386,67945
2020M10,46 Valencia/València,106407,86312,20095,200244,153219,47025
2020M10,28 Madrid,178846,142107,36739,384098,273851,110247
2020M09,29 Málaga,160548,114661,45886,430153,284717,145436
2020M09,41 Sevilla,92286,76559,15728,160812,125264,35548
2020M09,"07 Balears, Illes",162409,103005,59404,585444,329907,255537
2020M09,08 Barcelona,192016,126463,65553,394794,238191,156603
2020M09,17 Girona,234219,178692,55528,486557,360339,126219
2020M09,46 Valencia/València,121322,98927,22395,262717,214262,48455
2020M09,28 Madrid,223533,177448,46085,462533,333690,128843
2020M08,29 Málaga,356755,257881,98874,1116283,752720,363562
2020M08,41 Sevilla,93011,68940,24072,176499,120246,56252
2020M08,"07 Balears, Illes",466211,209986,256226,2169131,725225,1443906
2020M08,08 Barcelona,266583,156639,109944,640096,345784,294312
2020M08,17 Girona,432036,324492,107544,1170335,836400,333935
2020M08,46 Valencia/València,193567,149356,44211,450222,343180,107041
2020M08,28 Madrid,184995,139064,45930,423510,273236,150273
2020M07,29 Málaga,254361,171860,82501,728092,437133,290959
2020M07,41 Sevilla,82847,64407,18440,148074,106281,41793
2020M07,"07 Balears, Illes",369051,105212,263839,1744346,321572,1422774
2020M07,08 Barcelona,215995,112921,103074,511597,229362,282234
2020M07,17 Girona,305377,197564,107813,774095,424641,349454
2020M07,46 Valencia/València,155260,115693,39567,349185,258944,90241
2020M07,28 Madrid,210634,161723,48911,464238,304223,160015
2020M06,29 Málaga,38424,33300,5124,72945,63179,9765
2020M06,41 Sevilla,28001,25320,2680,49112,40774,8339
2020M06,"07 Balears, Illes",23769,17945,5824,68908,51712,17196
2020M06,08 Barcelona,52177,38071,14106,105645,72914,32731
2020M06,17 Girona,61777,45154,16623,108260,78548,29712
2020M06,46 Valencia/València,41028,35476,5552,82116,70783,11333
2020M06,28 Madrid,101088,85913,15175,249788,157408,92380
2020M05,29 Málaga,1520,1475,45,3056,2871,185
2020M05,41 Sevilla,3445,3175,269,10893,7080,3813
2020M05,"07 Balears, Illes",2037,1878,158,5677,5055,622
2020M05,08 Barcelona,6240,3512,2728,16695,10758,5937
2020M05,17 Girona,1301,1002,300,2712,1788,923
2020M05,46 Valencia/València,6600,5950,650,13809,12269,1539
2020M05,28 Madrid,14942,11479,3464,33909,26084,7825
2020M04,29 Málaga,0,0,0,0,0,0
2020M04,41 Sevilla,0,0,0,0,0,0
2020M04,"07 Balears, Illes",0,0,0,0,0,0
2020M04,08 Barcelona,0,0,0,0,0,0
2020M04,17 Girona,0,0,0,0,0,0
2020M04,46 Valencia/València,0,0,0,0,0,0
2020M04,28 Madrid,0,0,0,0,0,0
2020M03,29 Málaga,175972,75319,100653,606040,187781,418259
2020M03,41 Sevilla,118173,64032,54140,239366,110945,128421
2020M03,"07 Balears, Illes",82107,26387,55721,363780,75721,288059
2020M03,08 Barcelona,308271,107587,200684,730087,204754,525333
2020M03,17 Girona,68175,38205,29969,145900,71518,74382
2020M03,46 Valencia/València,75622,46360,29262,175137,98167,76970
2020M03,28 Madrid,337077,194620,142457,788654,356134,432520
2020M02,29 Málaga,377960,180952,197008,1146360,393482,752878
2020M02,41 Sevilla,260700,140299,120401,519103,238925,280178
2020M02,"07 Balears, Illes",142452,57578,84874,530990,149209,381782
2020M02,08 Barcelona,795067,244403,550665,1769783,410832,1358952
2020M02,17 Girona,158999,93527,65473,304085,172439,131645
2020M02,46 Valencia/València,237339,137049,100291,474951,234391,240559
2020M02,28 Madrid,954082,562388,391693,1866712,938373,928339
2020M01,29 Málaga,291494,118980,172514,870774,241129,629646
2020M01,41 Sevilla,251600,123932,127669,482486,210463,272023
2020M01,"07 Balears, Illes",67682,26331,41350,231162,55272,175890
2020M01,08 Barcelona,778589,220231,558358,1801084,371958,1429126
2020M01,17 Girona,112274,68163,44112,209492,130132,79360
2020M01,46 Valencia/València,208418,109227,99192,401798,191506,210292
2020M01,28 Madrid,928608,536968,391639,1880444,920594,959850
2019M12,29 Málaga,294612,144623,149989,836158,309464,526694
2019M12,41 Sevilla,268616,143278,125338,519014,257207,261808
2019M12,"07 Balears, Illes",87057,28477,58580,287999,57813,230187
2019M12,08 Barcelona,804389,242449,561939,1816820,428605,1388215
2019M12,17 Girona,147322,95664,51658,278623,177365,101258
2019M12,46 Valencia/València,216380,126829,89551,429182,229526,199656
2019M12,28 Madrid,981552,569533,412019,2015192,1003989,1011203
2019M11,29 Málaga,328244,141564,186681,1028176,302882,725294
2019M11,41 Sevilla,291063,142107,148955,576356,255413,320944
2019M11,"07 Balears, Illes",118428,45381,73047,393987,91267,302720
2019M11,08 Barcelona,903909,246900,657009,2024675,438155,1586520
2019M11,17 Girona,165716,88950,76766,326422,162293,164130
2019M11,46 Valencia/València,265703,146636,119067,545111,273164,271947
2019M11,28 Madrid,1058042,561920,496122,2135453,985092,1150362
2019M10,29 Málaga,536722,158911,377811,1962760,349271,1613489
2019M10,41 Sevilla,362912,142151,220761,698740,245043,453697
2019M10,"07 Balears, Illes",1014323,119164,895159,5826078,294200,5531878
2019M10,08 Barcelona,1183573,273040,910533,2965398,504947,2460452
2019M10,17 Girona,341230,121294,219936,981407,199624,781783
2019M10,46 Valencia/València,292391,147401,144989,650928,294473,356455
2019M10,28 Madrid,1175876,564969,610908,2360610,943801,1416809
2019M09,29 Málaga,609398,187689,421709,2231850,512241,1719609
2019M09,41 Sevilla,340505,134919,205586,660530,229295,431235
2019M09,"07 Balears, Illes",1570751,167143,1403608,9003638,608876,8394762
2019M09,08 Barcelona,1168716,245882,922834,3336097,476973,2859125
2019M09,17 Girona,453904,170976,282928,1541330,404156,1137174
2019M09,46 Valencia/València,302210,152626,149584,754360,377985,376375
2019M09,28 Madrid,1079479,504841,574638,2271724,896359,1375365
2019M08,29 Málaga,682101,316349,365752,2730223,1095971,1634252
2019M08,41 Sevilla,318436,126336,192100,639241,221385,417856
2019M08,"07 Balears, Illes",1819172,218030,1601142,10848790,969715,9879075
2019M08,08 Barcelona,1284916,254028,1030887,4047723,612036,3435688
2019M08,17 Girona,650747,263556,387191,2433530,788605,1644925
2019M08,46 Valencia/València,349487,182230,167257,985240,534628,450612
2019M08,28 Madrid,985547,470435,515112,2023616,833852,1189764
2019M07,29 Málaga,647994,278502,369492,2501651,857409,1644242
2019M07,41 Sevilla,281611,118676,162935,563374,199980,363394
2019M07,"07 Balears, Illes",1803571,198977,1604594,10532392,776686,9755705
2019M07,08 Barcelona,1328095,297667,1030428,3891104,614897,3276207
2019M07,17 Girona,541440,211371,330070,2128859,551457,1577402
2019M07,46 Valencia/València,349558,192539,157018,919604,521465,398139
2019M07,28 Madrid,1117908,528508,589400,2274448,907375,1367073
2019M06,29 Málaga,613455,219471,393984,2169935,521363,1648572
2019M06,41 Sevilla,314049,133446,180603,622390,233416,388974
2019M06,"07 Balears, Illes",1654313,187072,1467241,9212919,648436,8564483
2019M06,08 Barcelona,1274805,296029,978776,3479875,547755,2932121
2019M06,17 Girona,505766,205411,300355,1630836,443722,1187115
2019M06,46 Valencia/València,349657,202987,146670,816902,472731,344171
2019M06,28 Madrid,1172410,577243,595166,2325474,959259,1366216
2019M05,29 Málaga,589935,184529,405405,1986844,412277,1574567
2019M05,41 Sevilla,353822,151571,202251,705195,272421,432774
2019M05,"07 Balears, Illes",1406588,168744,1237844,7106545,514204,6592341
2019M05,08 Barcelona,1230382,292465,937917,3144447,550640,2593807
2019M05,17 Girona,388585,134497,254088,1115238,296090,819148
2019M05,46 Valencia/València,330238,180784,149454,729567,385288,344279
2019M05,28 Madrid,1172955,568723,604232,2347283,962658,1384625
2019M04,29 Málaga,539316,182074,357242,1792826,482522,1310304
2019M04,41 Sevilla,329946,138957,190989,695397,264754,430644
2019M04,"07 Balears, Illes",658987,112304,546683,3064617,354124,2710493
2019M04,08 Barcelona,1109962,268024,841938,2800106,558410,2241696
2019M04,17 Girona,346980,149990,196990,999704,390824,608879
2019M04,46 Valencia/València,304990,161708,143282,703473,362240,341233
2019M04,28 Madrid,1065508,544970,520538,2192962,949015,1243947
2019M03,29 Málaga,414188,167362,246826,1380072,434823,945249
2019M03,41 Sevilla,315318,155556,159762,638832,275564,363268
2019M03,"07 Balears, Illes",257928,73394,184534,1147223,215128,932094
2019M03,08 Barcelona,961604,274545,687059,2318297,532879,1785418
2019M03,17 Girona,227860,126219,101640,486958,252254,234704
2019M03,46 Valencia/València,288836,171480,117357,641089,360241,280848
2019M03,28 Madrid,1079289,579601,499689,2176778,979040,1197738
2019M02,29 Málaga,313178,144639,168539,954430,306169,648260
2019M02,41 Sevilla,259436,136007,123429,499441,227280,272161
2019M02,"07 Balears, Illes",131555,51587,79968,511031,153099,357932
2019M02,08 Barcelona,814340,246639,567700,1876090,408076,1468013
2019M02,17 Girona,145647,86862,58785,281965,144580,137385
2019M02,46 Valencia/València,226318,130200,96118,447610,228366,219243
2019M02,28 Madrid,922651,528779,393872,1762240,880621,881619
2019M01,29 Málaga,252215,101564,150651,798745,234413,564332
2019M01,41 Sevilla,230824,114308,116517,470128,200381,269748
2019M01,"07 Balears, Illes",59391,26306,33085,183719,54408,129311
2019M01,08 Barcelona,746797,223604,523192,1752316,383272,1369045
2019M01,17 Girona,108542,62597,45945,200078,114808,85270
2019M01,46 Valencia/València,198202,106393,91809,402521,190345,212176
2019M01,28 Madrid,873095,504310,368785,1769846,881136,888710
2018M12,29 Málaga,261792,123124,138668,776963,285943,491020
2018M12,41 Sevilla,252628,129038,123590,513589,236100,277490
2018M12,"07 Balears, Illes",91726,30396,61330,287577,64474,223103
2018M12,08 Barcelona,779906,252354,527551,1801094,449825,1351269
2018M12,17 Girona,134359,89725,44634,253879,167038,86842
2018M12,46 Valencia/València,212043,124990,87052,435741,235288,200453
2018M12,28 Madrid,992497,598334,394163,1997390,1069109,928281
2018M11,29 Málaga,291418,119888,171529,967359,257982,709377
2018M11,41 Sevilla,286219,147208,139011,567401,264376,303025
2018M11,"07 Balears, Illes",103611,45450,58161,384119,129162,254957
2018M11,08 Barcelona,868492,251166,617326,1979592,430984,1548608
2018M11,17 Girona,139911,80166,59745,302745,151810,150935
2018M11,46 Valencia/València,246998,133540,113458,520419,255412,265007
2018M11,28 Madrid,1047946,581438,466508,2076793,1002877,1073916
2018M10,29 Málaga,510488,146921,363567,1901829,350723,1551106
2018M10,41 Sevilla,340024,143828,196196,678674,264454,414220
2018M10,"07 Balears, Illes",1024217,142964,881253,6074821,424553,5650268
2018M10,08 Barcelona,1133840,279446,854395,2886975,512862,2374113
2018M10,17 Girona,343354,126091,217264,1013013,242364,770649
2018M10,46 Valencia/València,285536,147256,138280,628753,296649,332104
2018M10,28 Madrid,1162482,559826,602656,2291026,943710,1347316
2018M09,29 Málaga,570254,158873,411381,2163227,422828,1740399
2018M09,41 Sevilla,313138,118627,194511,634734,215063,419671
2018M09,"07 Balears, Illes",1562900,151240,1411660,9151847,561130,8590717
2018M09,08 Barcelona,1165130,267880,897249,3285617,489842,2795775
2018M09,17 Girona,476089,183844,292245,1594322,414985,1179337
2018M09,46 Valencia/València,306912,166285,140627,765325,409330,355995
2018M09,28 Madrid,1115273,554765,560508,2189183,935194,1253989
2018M08,29 Málaga,633747,284784,348963,2613242,1006369,1606874
2018M08,41 Sevilla,299932,115225,184707,584797,204329,380468
2018M08,"07 Balears, Illes",1704023,188843,1515180,10822370,865200,9957170
2018M08,08 Barcelona,1233114,258625,974489,3884234,619153,3265081
2018M08,17 Girona,602949,269553,333396,2353056,827076,1525980
2018M08,46 Valencia/València,347479,190038,157440,965252,546735,418517
2018M08,28 Madrid,957909,481301,476607,1925198,854666,1070532
2018M07,29 Málaga,604564,238218,366346,2434957,756131,1678826
2018M07,41 Sevilla,277315,113274,164041,535405,193739,341666
2018M07,"07 Balears, Illes",1760514,176438,1584076,10737783,749173,9988610
2018M07,08 Barcelona,1276405,304812,971593,3731837,630143,3101694
2018M07,17 Girona,535175,212065,323110,2054023,525316,1528707
2018M07,46 Valencia/València,330578,183869,146709,885966,507312,378654
2018M07,28 Madrid,1087738,516910,570828,2113266,861847,1251419
2018M06,29 Málaga,583174,191045,392129,2143372,450927,1692444
2018M06,41 Sevilla,319482,136459,183022,601158,224179,376978
2018M06,"07 Balears, Illes",1645012,172865,1472147,9338251,620301,8717950
2018M06,08 Barcelona,1227638,305445,922193,3285923,561250,2724673
2018M06,17 Girona,474327,189588,284740,1444913,363336,1081578
2018M06,46 Valencia/València,325626,191110,134516,752541,431857,320684
2018M06,28 Madrid,1128276,575242,553034,2188747,963585,1225162
2018M05,29 Málaga,560577,157499,403078,1976864,355660,1621204
2018M05,41 Sevilla,331862,139364,192498,654278,243081,411197
2018M05,"07 Balears, Illes",1393844,159954,1233891,7439429,544398,6895031
2018M05,08 Barcelona,1184359,281616,902743,3138502,558243,2580259
2018M05,17 Girona,404463,153373,251090,1177827,356994,820832
2018M05,46 Valencia/València,298195,162052,136143,666494,330598,335896
2018M05,28 Madrid,1101406,562675,538731,2188981,939310,1249670
2018M04,29 Málaga,507835,164400,343435,1717154,423034,1294120
2018M04,41 Sevilla,320263,140144,180120,638320,258936,379384
2018M04,"07 Balears, Illes",554074,94236,459838,2834734,372892,2461842
2018M04,08 Barcelona,1033594,279387,754207,2562124,570182,1991942
2018M04,17 Girona,312658,133797,178862,870870,319586,551284
2018M04,46 Valencia/València,293522,164020,129502,679056,361983,317074
2018M04,28 Madrid,1041419,520285,521134,2082360,876416,1205943
2018M03,29 Málaga,406317,170075,236241,1419426,432625,986801
2018M03,41 Sevilla,277166,136839,140326,557879,253424,304455
2018M03,"07 Balears, Illes",269771,89468,180302,1290879,331686,959193
2018M03,08 Barcelona,922330,271688,650642,2186758,508266,1678492
2018M03,17 Girona,258312,145530,112782,610990,303199,307791
2018M03,46 Valencia/València,283915,172764,111151,629345,369352,259993
2018M03,28 Madrid,1030103,564073,466030,2003045,955408,1047637
2018M02,29 Málaga,290259,131998,158261,929302,279108,650194
2018M02,41 Sevilla,245786,126248,119538,461219,216248,244971
2018M02,"07 Balears, Illes",147818,64600,83217,588429,194180,394248
2018M02,08 Barcelona,755389,237784,517605,1732268,392529,1339739
2018M02,17 Girona,130698,81907,48791,260932,148637,112295
2018M02,46 Valencia/València,220329,127512,92817,459260,234780,224480
2018M02,28 Madrid,906604,530705,375898,1730383,891220,839162
2018M01,29 Málaga,242989,98656,144332,787257,222341,564916
2018M01,41 Sevilla,222017,110493,111525,428328,190027,238301
2018M01,"07 Balears, Illes",65301,27144,38157,223454,64477,158976
2018M01,08 Barcelona,699330,227550,471780,1614169,396027,1218142
2018M01,17 Girona,113123,64875,48248,202556,114872,87683
2018M01,46 Valencia/València,174867,91056,83811,353556,165283,188273
2018M01,28 Madrid,864607,514887,349721,1747430,896539,850891
2017M12,29 Málaga,268346,132491,135854,778632,304007,474625
2017M12,41 Sevilla,238708,136418,102290,476507,265052,211455
2017M12,"07 Balears, Illes",70151,33277,36874,238590,91163,147427
2017M12,08 Barcelona,696256,254121,442135,1533177,436820,1096358
2017M12,17 Girona,126352,86266,40087,237483,160710,76773
2017M12,46 Valencia/València,187851,116578,71273,379047,223360,155688
2017M12,28 Madrid,964076,602508,361568,1940509,1064621,875888
2017M11,29 Málaga,291393,122339,169054,969598,266323,703276
2017M11,41 Sevilla,263472,134054,129417,511635,236866,274769
2017M11,"07 Balears, Illes",116628,46724,69905,448812,156305,292508
2017M11,08 Barcelona,761807,260061,501747,1710988,454147,1256841
2017M11,17 Girona,121522,69412,52110,263592,130107,133486
2017M11,46 Valencia/València,228563,132318,96245,481369,247793,233576
2017M11,28 Madrid,971224,541722,429502,1938635,932832,1005803
2017M10,29 Málaga,529461,158966,370495,1994345,368102,1626243
2017M10,41 Sevilla,326630,128858,197772,638114,237270,400845
2017M10,"07 Balears, Illes",1007285,134237,873049,6168244,410747,5757497
2017M10,08 Barcelona,1051127,290202,760925,2732889,574848,2158040
2017M10,17 Girona,301836,114987,186849,915311,236921,678390
2017M10,46 Valencia/València,271107,143188,127920,589564,288632,300931
2017M10,28 Madrid,1100288,532131,568157,2184448,919497,1264950
2017M09,29 Málaga,576893,164335,412558,2213173,428440,1784732
2017M09,41 Sevilla,305515,116989,188525,590913,201224,389689
2017M09,"07 Balears, Illes",1553939,151182,1402757,9242703,616259,8626444
2017M09,08 Barcelona,1160933,284372,876561,3293441,560773,2732668
2017M09,17 Girona,440049,165839,274211,1566209,406305,1159904
2017M09,46 Valencia/València,289970,157052,132918,741398,396734,344664
2017M09,28 Madrid,1071837,518868,552969,2125666,872362,1253304
2017M08,29 Málaga,615915,247717,368198,2606782,837983,1768799
2017M08,41 Sevilla,291910,106002,185908,571794,192129,379665
2017M08,"07 Balears, Illes",1732706,201011,1531695,10839522,911072,9928450
2017M08,08 Barcelona,1208097,264482,943615,3962711,687283,3275427
2017M08,17 Girona,571528,242893,328635,2375783,790547,1585236
2017M08,46 Valencia/València,340646,192748,147898,936020,547496,388524
2017M08,28 Madrid,956166,478174,477992,1966960,842081,1124879
2017M07,29 Málaga,600442,232613,367828,2476361,707649,1768712
2017M07,41 Sevilla,261291,106433,154858,502479,198184,304295
2017M07,"07 Balears, Illes",1781881,190036,1591845,10677426,805712,9871714
2017M07,08 Barcelona,1323082,331122,991960,3938045,701386,3236659
2017M07,17 Girona,542420,205349,337071,2170571,575254,1595317
2017M07,46 Valencia/València,332273,194681,137592,881417,521420,359997
2017M07,28 Madrid,1041379,511157,530222,2073274,846413,1226861
2017M06,29 Málaga,572988,186214,386774,2162259,429937,1732322
2017M06,41 Sevilla,317037,135232,181806,563611,216386,347225
2017M06,"07 Balears, Illes",1563138,178385,1384753,9420349,702774,8717575
2017M06,08 Barcelona,1208727,316551,892176,3408451,639503,2768948
2017M06,17 Girona,463417,198063,265354,1558770,414844,1143926
2017M06,46 Valencia/València,299797,178121,121676,710858,421397,289461
2017M06,28 Madrid,1072991,536784,536206,2162892,898539,1264354
2017M05,29 Málaga,553665,156748,396917,1954812,356038,1598774
2017M05,41 Sevilla,324284,127760,196524,631275,240076,391199
2017M05,"07 Balears, Illes",1333964,143630,1190334,7422865,497317,6925548
2017M05,08 Barcelona,1181228,293849,887380,3113934,592240,2521694
2017M05,17 Girona,361997,139153,222844,1060764,319609,741155
2017M05,46 Valencia/València,282687,159837,122851,615254,327894,287359
2017M05,28 Madrid,1102462,553773,548690,2168316,920437,1247879
2017M04,29 Málaga,534549,191239,343311,1847771,516751,1331019
2017M04,41 Sevilla,313277,133406,179871,636366,263964,372402
2017M04,"07 Balears, Illes",571312,107073,464239,2954104,409113,2544992
2017M04,08 Barcelona,1098098,305778,792320,2836675,664668,2172007
2017M04,17 Girona,369211,160376,208835,1052044,409758,642286
2017M04,46 Valencia/València,276139,168033,108105,653645,383251,270394
2017M04,28 Madrid,1067032,536729,530303,2165634,943240,1222393
2017M03,29 Málaga,362153,136572,225581,1281601,362027,919573
2017M03,41 Sevilla,275613,137742,137871,521947,242820,279127
2017M03,"07 Balears, Illes",248405,81237,167168,1215890,342116,873775
2017M03,08 Barcelona,934431,296450,637981,2296420,601531,1694890
2017M03,17 Girona,210208,111232,98976,451406,215531,235875
2017M03,46 Valencia/València,244898,154701,90197,537533,322875,214658
2017M03,28 Madrid,983876,527856,456020,1894658,882747,1011910
2017M02,29 Málaga,281267,122933,158333,919408,277793,641615
2017M02,41 Sevilla,232531,123524,109007,424395,208505,215891
2017M02,"07 Balears, Illes",129922,54662,75260,522678,167520,355159
2017M02,08 Barcelona,749671,244330,505341,1755346,433692,1321654
2017M02,17 Girona,126731,76325,50406,245987,129765,116222
2017M02,46 Valencia/València,196501,119494,77007,385182,207130,178052
2017M02,28 Madrid,887678,512811,374867,1692260,862468,829793
2017M01,29 Málaga,223154,90312,132842,737402,198720,538682
2017M01,41 Sevilla,217888,108185,109702,396212,182936,213277
2017M01,"07 Balears, Illes",55727,23268,32458,224756,55492,169263
2017M01,08 Barcelona,692906,229810,463096,1615020,415025,1199995
2017M01,17 Girona,99604,61070,38534,181407,111341,70066
2017M01,46 Valencia/València,155411,92346,63065,301443,161548,139895
2017M01,28 Madrid,847583,485984,361600,1691367,856283,835084
